"twitter account","LABEL","Valid","description","statusesCount","followersCount","favoritesCount","friendsCount","url","name","created","protected","verified","screenName","location","lang","id","listedCount","followRequestSent","profileImageUrl"
"100percfedup","clickbait","Yes","https://t.co/UwJ2cIvliu We publish news w/out lib bias #Jesus #Conservative #ProLife #Trump We follow all vets back #AndrewBreitbartLives #War We are not PC",61692,14758,23793,5572,"https://t.co/fFfpLJkrC7","100% FED UP!","2010-05-08T02:07:27Z","FALSE","FALSE","100PercFEDUP",,"en",141422795,162,"FALSE","http://pbs.twimg.com/profile_images/626864538596605956/TvQBryhA_normal.jpg"
"2012gregg","propaganda","Yes","Welcome to your awakening!  I'm the webmaster of http://t.co/ScAA39tMF9, http://t.co/IvD0fxQx8k, and http://t.co/XijL28xsUk .",5202,2286,1,15,"http://www.in5d.com/","2012gregg","2009-03-30T06:44:32Z","FALSE","FALSE","2012gregg",,"en",27598017,79,"FALSE","http://pbs.twimg.com/profile_images/812328479656067072/8rAlR7Pw_normal.jpg"
"21wire","clickbait","Yes","We're covering news you won't necessarily find in the mainstream, and things which regularly confuse career politicians, CNN and MSNBC viewers... #SundayWire",14460,13091,2336,1465,"http://t.co/BfLXQKwqm8","21st Century Wire","2008-10-23T22:03:55Z","FALSE","FALSE","21WIRE","USA","en",16936686,336,"FALSE","http://pbs.twimg.com/profile_images/546464691036241920/NjjmRqJU_normal.jpeg"
"abovetopsecret","propaganda","Yes","The biggest and most popular conspiracy theory website.",93511,80642,159,446,"http://t.co/ZaBQw4fHGD","AboveTopSecret","2008-03-24T19:31:16Z","FALSE","FALSE","AboveTopSecret","Online","en",14210021,1533,"FALSE","http://pbs.twimg.com/profile_images/564846463625089024/-x_6aVet_normal.jpeg"
"activistpost","clickbait","Yes","Propaganda for peace, love and liberty.",102511,26092,3508,499,"http://t.co/2wvk8RwVwG","Activist Post","2010-06-11T13:54:14Z","FALSE","FALSE","ActivistPost","The Matrix","en",154532994,943,"FALSE","http://pbs.twimg.com/profile_images/709886591976628224/6kjfjyZD_normal.jpg"
"addinfoorg","clickbait","Yes","This is the official Twitter of the https://t.co/qwcwklVUqt website. We provide honest analysis of current events.",28654,22445,88,854,"https://t.co/7tGRYnSXWd","Addicting Info","2010-09-07T18:34:57Z","FALSE","FALSE","AddInfoOrg",,"en",188014427,636,"FALSE","http://pbs.twimg.com/profile_images/1208579402/newlogo_normal.jpg"
"aff_patriots","clickbait","Yes","We are dedicated to exposing the mainstream media corruption. We were one of the first online publications to endorse Donald J. Trump for POTUS.",7897,5553,241,856,"https://t.co/QnMRuylyvn","AFF News & Politics","2014-04-20T08:34:33Z","FALSE","FALSE","AFF_PATRIOTS","usa","en",2454479347,67,"FALSE","http://pbs.twimg.com/profile_images/564180259147227136/NVUPOGxY_normal.jpeg"
"ahtribune","propaganda","Yes","American Herald Tribune is a genuinely independent online media.",21351,2381,15285,1031,"https://t.co/k8uaJISWa8","AHTribune","2015-10-14T13:26:03Z","FALSE","FALSE","AHTribune",,"en",3956151875,104,"FALSE","http://pbs.twimg.com/profile_images/664296895192375296/JSQBqNe5_normal.png"
"amlookout","clickbait","Yes",,4220,2043,4,97,"https://t.co/MNsXLR0jp1","American Lookout","2016-06-30T16:38:15Z","FALSE","FALSE","amlookout",,"en",7.48556263055835E+017,25,"FALSE","http://pbs.twimg.com/profile_images/751118433291411456/aPLWU6KL_normal.jpg"
"amrenaissance","propaganda","Yes","America's premier source for race-realist thought.",1515,21636,0,144,"http://t.co/qr0de93fxF","American Renaissance","2011-06-22T14:39:29Z","FALSE","TRUE","AmRenaissance","Oakton, Virginia","en",322027737,224,"FALSE","http://pbs.twimg.com/profile_images/839164350971658244/RpwWZqmi_normal.jpg"
"amtvmedia","propaganda","Yes","The creator of ALTERNATIVE MEDIA TELEVISION®. 'Hard-hitting and in your face!' #amtv SUBSCRIBE NOW: https://t.co/GCCfViwZSr",9937,34032,639,153,"https://t.co/TI1iARAbxQ","Christopher Greene","2010-08-26T00:35:45Z","FALSE","FALSE","amtvmedia","Arizona, USA","en",183036873,441,"FALSE","http://pbs.twimg.com/profile_images/792096525807554560/m1h8FOAl_normal.jpg"
"anonews_co","clickbait","Yes","Anonymous - Independent Investigative News",737,4144,0,2,"https://t.co/uS5FtZk1rf","Anonymous","2016-01-12T00:24:34Z","FALSE","FALSE","anonews_co",,"en",4779120929,44,"FALSE","http://pbs.twimg.com/profile_images/694638880872599552/QkY3eaOz_normal.png"
"anonymousnewshq","propaganda","Yes","AnonHQ. Independent News. Uncovering The Truth.",6742,30051,0,27,"http://t.co/67mOzJ66uO","AnonymousArmy","2014-10-28T18:59:22Z","FALSE","FALSE","AnonymousNewsHQ","AnonymousCountry","en",2848616367,242,"FALSE","http://pbs.twimg.com/profile_images/527173105924337664/QR_ByiSr_normal.png"
"antimedia","propaganda","Yes","The Homepage of Independent Media.",65695,42152,29334,900,"https://t.co/Qfec3VHtyN","Anti-Media","2012-07-12T05:21:30Z","FALSE","FALSE","AntiMedia",,"en",633485518,1064,"FALSE","http://pbs.twimg.com/profile_images/850118554938744833/GNonVcLC_normal.jpg"
"antiwarcom","propaganda","Yes","20 years of Non-interventionism. #Guantanamo & #FreeChelsea #bitcoin Tweets by Angela Keaton @ThomasLKnapp & the peace bots",42266,35348,8561,6265,"https://t.co/udHJ5AZiH8","Antiwar.com","2008-07-20T16:05:20Z","FALSE","FALSE","Antiwarcom","San Francisco/WeHo/Austin ","en",15503210,1392,"FALSE","http://pbs.twimg.com/profile_images/643924830882918400/zq7Mt-iA_normal.png"
"barenakedislam","propaganda","Yes","It isn't Islamophobia when they really ARE trying to kill you",22485,21153,2,398,"http://t.co/antuyqgbiG","barenakedislam","2008-12-14T16:35:47Z","FALSE","FALSE","barenakedislam",,"en",18118505,345,"FALSE","http://pbs.twimg.com/profile_images/1027102844/4bc1a413f455279fb410e8089048c4e2_normal.jpeg"
"beforeitsnews","propaganda","Yes","We specialize in publishing the news that the mainstream media ignores.",330243,64099,1,9773,"http://beforeitsnews.com","Before It's News","2009-09-12T04:45:44Z","FALSE","FALSE","beforeitsnews",,"en",73572581,1747,"FALSE","http://pbs.twimg.com/profile_images/556349385856933889/yIpMaACM_normal.jpeg"
"bigpzone","clickbait","Yes","Host of The Rundown Live, @RundownLive, @InfoWarPage, Always question everything!",18136,856,237,1374,"http://t.co/d02kzcZf76","mike paczesny","2009-08-29T07:22:50Z","FALSE","FALSE","bigpzone","milwaukee","en",69815638,26,"FALSE","http://pbs.twimg.com/profile_images/3344927584/139e4c8dbfee0caea251b37587b135da_normal.jpeg"
"bipartisanism","clickbait","Yes","We bring the news. News@BipartisanReport.com https://t.co/mULJvsi4wD",32103,410754,56131,47046,"https://t.co/SOiKIzZMUE","Bipartisan Report","2012-02-09T14:55:09Z","FALSE","TRUE","Bipartisanism","Seattle, USA","en",487600344,1712,"FALSE","http://pbs.twimg.com/profile_images/762863803138662408/N3c5gIyD_normal.jpg"
"bizpacreview","propaganda","Yes","Conservative News Today. BizPac Review, news for conservatives. https://t.co/AZ6HS9Gf07",116247,43053,134,13323,"http://t.co/UboN9Ajx8H","Conservative News","2011-01-13T21:44:50Z","FALSE","FALSE","BIZPACReview","West Palm Beach, Florida","en",237888723,536,"FALSE","http://pbs.twimg.com/profile_images/847920865819938818/z1S06GWa_normal.jpg"
"blacklistednews","clickbait","Yes","Official tweets from http://t.co/s2Kmj45qKm and Sr. Editor Doug Owen, host of the Blacklisted Radio Podcast @BLNRadio",56155,56640,1003,804,"http://t.co/PfLNJCUHZA","Blacklisted News","2009-03-24T03:02:16Z","FALSE","FALSE","BlacklistedNews",,"en",26163517,1653,"FALSE","http://pbs.twimg.com/profile_images/378800000603127667/29da5301385f066d2ecee4d88d85f460_normal.png"
"blastingnews","satire","Yes","Blasting News is a #news #magazine based on the principle of #social #journalism & powered by the voices of thousands of people. Join the revolution!",16769,3075,414,622,"https://t.co/lEejO4AUQc","BlastingNews","2015-05-22T13:33:55Z","FALSE","FALSE","BlastingNews","United States","en",3294022511,142,"FALSE","http://pbs.twimg.com/profile_images/601744108051374080/raBROkMc_normal.png"
"blkagendareport","propaganda","Yes","News, analysis and commentary from the Black Left.",2368,12899,3,164,"http://t.co/FLbEsb6WIa","Black Agenda Report","2009-08-15T02:25:56Z","FALSE","FALSE","blkagendareport","the real world","en",65801609,447,"FALSE","http://pbs.twimg.com/profile_images/2882911453/60938b867aff83c5257a2104624308a2_normal.jpeg"
"bluenationrev","clickbait","Yes",,0,80,0,0,"NA","BNR","2016-09-22T15:47:52Z","FALSE","FALSE","BlueNationRev",,"en",7.78984164540445E+017,1,"FALSE","http://pbs.twimg.com/profile_images/778991444191248384/in3lI6J7_normal.jpg"
"borowitzreport","satire","Yes","There is a fine line between social networking and wasting your fucking life.",118,610503,0,33,"http://t.co/YsiFIqg85C","Andy Borowitz","2008-11-10T20:17:15Z","FALSE","TRUE","BorowitzReport","New York","en",17293897,10914,"FALSE","http://pbs.twimg.com/profile_images/3375501340/398c06d3a2faac49c08375e19d101c30_normal.jpeg"
"breitbartnews","clickbait","Yes","News, commentary, and destruction of the political/media establishment.",75604,690460,759,248,"http://t.co/2sVbt3n6lO","Breitbart News","2012-01-08T01:50:52Z","FALSE","TRUE","BreitbartNews",,"en",457984599,7002,"FALSE","http://pbs.twimg.com/profile_images/649329146221297665/5UgMNCwA_normal.jpg"
"clickhole","satire","Yes","Because all content deserves to go viral.",24891,298049,2687,22,"http://t.co/o9QKdXXcxf","ClickHole","2014-03-07T23:51:23Z","FALSE","TRUE","ClickHole",,"en",2377815434,1847,"FALSE","http://pbs.twimg.com/profile_images/835165929696804864/2jB_cUF-_normal.jpg"
"coasttocoastam","clickbait","Yes","Coast to Coast AM airs on more than 560 stations.",8450,123240,0,0,"http://t.co/Wn55XzYvpo","Coast to Coast AM","2009-05-21T17:46:47Z","FALSE","TRUE","coasttocoastam","Somewhere Out There...","en",41635723,2343,"FALSE","http://pbs.twimg.com/profile_images/587896291658633216/qFEEgO5Y_normal.jpg"
"collectiveevol","clickbait","Yes","Alternative Media Website. Festival Winning Documentary Production Company. Newsroom. Web Series. A Group Of Young People That Want To Help Change The World.",18281,64063,7754,601,"http://t.co/tNfLTPZkfR","Collective Evolution","2009-07-16T04:21:33Z","FALSE","FALSE","CollectiveEvol","Toronto, Canada","en",57241134,987,"FALSE","http://pbs.twimg.com/profile_images/710134432246542340/qQgrGvTE_normal.jpg"
"conscious_news","clickbait","Yes","News, articles and information for conscious living on Planet Earth.",20726,1928,15,304,"http://t.co/XgL6kLX242","Conscious Life News","2010-09-26T22:59:20Z","FALSE","FALSE","conscious_news","Los Angeles","en",195524777,72,"FALSE","http://pbs.twimg.com/profile_images/378800000248634934/8ee6ae7bab984928b2c09cabb3297883_normal.png"
"consortiumnews","propaganda","Yes","Independent Investigative Journalism Since 1995",5518,8572,0,412,"http://t.co/bLU2R5Rv6P","Robert Parry","2009-07-27T20:20:03Z","FALSE","FALSE","Consortiumnews","Arlington, Virginia","en",60698597,530,"FALSE","http://pbs.twimg.com/profile_images/1136785922/facebook_icon_normal.jpg"
"consrvoutfitter","clickbait","Yes","Welcome to the Official Twitter of Conservative Outfitters.",2226,3038,12929,511,"http://t.co/UAtUyANP5Y","Conserv. Outfitters","2013-08-04T02:16:32Z","FALSE","FALSE","ConsrvOutfitter","America","en",1644152239,88,"FALSE","http://pbs.twimg.com/profile_images/486200019025133569/mkbgMP_q_normal.jpeg"
"corbettreport","propaganda","Yes","James is the Editor of The Corbett Report, an independent news and information resource based in Japan.",9016,31013,906,259,"http://t.co/O9CyWs9hjW","James Corbett","2011-11-08T07:59:09Z","FALSE","FALSE","corbettreport","Japan","en",407579699,762,"FALSE","http://pbs.twimg.com/profile_images/748068797689430016/dNUVB3rY_normal.jpg"
"countercurrents","propaganda","Yes","Educate! Organize! Agitate",19128,6395,150,44,"http://t.co/CDCMixVS9e","Countercurrents.org","2009-03-14T07:14:24Z","FALSE","FALSE","Countercurrents",,"en",24343809,351,"FALSE","http://pbs.twimg.com/profile_images/1814735231/twitternew_normal.jpg"
"counter_info","propaganda","Yes",,33000,233,1,260,"http://t.co/zXTqIryGHD","Jaime Castro","2011-04-10T04:10:41Z","FALSE","FALSE","Counter_info","Canada","en",279848159,18,"FALSE","http://pbs.twimg.com/profile_images/776086710774034432/yW0WZeDR_normal.jpg"
"counterpsyops","clickbait","Yes","A new hole in the propaganda matrix",4273,1553,0,1,"http://t.co/a3nXsz61C5","CounterPsyOps","2011-08-03T12:30:02Z","FALSE","FALSE","CounterPsyOps","On truth's side","en",347824515,101,"FALSE","http://pbs.twimg.com/profile_images/1521780935/new-2_normal.png"
"crg_crm","clickbait","Yes","The Centre for Research on Globalization (CRG) is an independent research and media group of writers, scholars, journalists and activists.",8383,25568,6,65,"http://t.co/Cpm7WWX7Kj","Global Research","2013-07-30T17:42:52Z","FALSE","FALSE","CRG_CRM","Montreal, Canada","en",1633453286,921,"FALSE","http://pbs.twimg.com/profile_images/378800000215689056/240ee570fb33bec15bad367640e67f73_normal.png"
"dailybuzzlive","propaganda","Yes",,5631,107795,71,1855,"http://t.co/VG5LDWQ0bn","Daily Buzz Live","2013-09-21T02:02:32Z","FALSE","FALSE","DailyBuzzLive","GET  BUZZED! ","en",1888496474,25,"FALSE","http://pbs.twimg.com/profile_images/600076254344130561/FwYvTgIV_normal.png"
"darkpolitricks","propaganda","Yes","Political Junky running the #altnews https://t.co/b0903NowMa site dedicated to free speech, the war on terror and covering under-reported news from all sides.",94351,3857,287,2782,"http://t.co/4IGfmM964A","DarkPolitricks","2008-07-15T10:53:24Z","FALSE","FALSE","darkpolitricks","London","en",15439100,541,"FALSE","http://pbs.twimg.com/profile_images/1627258599/darkpolitricks-100x100_normal.png"
"da_stockman","propaganda","Yes","Author, #Trumped! https://t.co/cQoEX3uQ4g Fmr. Congressman, Reagan's OMB Director, Founder: #ContraCorner, author of #TheGreatDeformation & #TriumphofPolitics",17050,21183,35,355,"http://t.co/CZxq3XIbUL","David Stockman","2014-02-14T20:13:10Z","FALSE","FALSE","DA_Stockman","NYC | Aspen","en",2344061090,541,"FALSE","http://pbs.twimg.com/profile_images/775075800454430720/ZSLHL50D_normal.jpg"
"dcclothesline","hoax","Yes","Airing Out America's Dirty Laundry. #tcot",87959,14766,32,1951,"http://t.co/MI09Qxq8QW","The D.C. Clothesline","2009-09-22T02:34:29Z","FALSE","FALSE","DCClothesline","Everywhere","en",76227785,309,"FALSE","http://pbs.twimg.com/profile_images/493165757488828416/FqJK4NwY_normal.jpeg"
"delphi2015","propaganda","Yes","Delphi Forum 20 -21 June 2015",1800,196,0,0,"NA","Delphi Initiative","2015-06-27T08:10:12Z","FALSE","FALSE","Delphi2015","Greece","en-gb",3347340383,7,"FALSE","http://pbs.twimg.com/profile_images/614712188901593088/-DWxIA0n_normal.jpg"
"disclosetv","propaganda","Yes","Facebook: https://t.co/fxArjRwU5p 
YouTube:
https://t.co/VJndPyVPl9",175575,38210,134,504,"http://t.co/DgQTjAt4","Disclose.tv","2008-07-11T15:25:39Z","FALSE","FALSE","DiscloseTV","Outer Space","en",15392486,572,"FALSE","http://pbs.twimg.com/profile_images/653520690952445952/Mxdt-4HF_normal.jpg"
"drudge_report","hoax","Yes","The DRUDGE REPORT is a U.S. based news aggregation website run by Matt Drudge(@DRUDGE).",190989,1190273,0,2,"http://t.co/dsLXEBfDsQ","DRUDGE REPORT","2008-05-06T05:34:47Z","FALSE","FALSE","DRUDGE_REPORT","US","en",14669951,20907,"FALSE","http://pbs.twimg.com/profile_images/53808884/images_normal.jpeg"
"duffelblog","satire","Yes","The American military's most-trusted news source. https://t.co/GTDf725qEI",14459,23740,1028,1,"https://t.co/KEU5UaFA7S","Duffel Blog","2012-03-29T10:56:32Z","FALSE","TRUE","DuffelBlog","Deployed Worldwide","en",539965863,495,"FALSE","http://pbs.twimg.com/profile_images/821155832960286720/qc69kgLM_normal.jpg"
"empireherald","satire","Yes","Follow for breaking news & special reports. Like us on Facebook: https://t.co/7fqp0iGGwI",19906,163449,54,111,"https://t.co/5w6XLi0jdG","The Empire Herald","2009-05-31T19:08:42Z","FALSE","FALSE","EmpireHerald","New York, USA","en",43736365,835,"FALSE","http://pbs.twimg.com/profile_images/691408672937738241/h7Hv2qi7_normal.jpg"
"engpravda","propaganda","Yes",,25021,21716,1,4,"https://t.co/gsPW1TBFuF","Pravda Report","2009-05-06T11:03:59Z","FALSE","FALSE","engpravda",,"en",38155971,916,"FALSE","http://pbs.twimg.com/profile_images/1452928200/ie-logo_normal.gif"
"etministries","propaganda","Yes","End of the Age TV & Radio Broadcast, ENDTIME Magazine, @irvinbaxter, Managed by the Endtime Team",11671,10480,50,45,"https://t.co/FNRBzXVLxR","Endtime Ministries","2009-05-21T14:42:37Z","FALSE","FALSE","ETMinistries","Plano, TX","en",41598656,154,"FALSE","http://pbs.twimg.com/profile_images/489869109710946304/nF2YtMzU_normal.jpeg"
"eutimesnet","propaganda","Yes","EU Times delivers world breaking news and information on the latest top stories, economy, entertainment, politics, and more.",3728,1050,0,0,"http://t.co/Yuxu6HAF0C","European Union Times","2015-03-27T15:51:19Z","FALSE","FALSE","EUTimesNET","European Union, Amsterdam","en",3121593653,37,"FALSE","http://pbs.twimg.com/profile_images/783405726479810565/DQ8MyWj3_normal.jpg"
"eutopia_buzz","propaganda","Yes","UFO sightings, extraterrestrial intelligence, Area 51, ancient civilizations, NASA and the supernatural.",1640,768,3485,50,"NA","Eutopia","2016-05-09T17:11:58Z","FALSE","FALSE","eutopia_buzz",,"en",7.29720580279173E+017,10,"FALSE","http://pbs.twimg.com/profile_images/729721140067770368/1PgtfhyV_normal.jpg"
"eyeopeninginfo","propaganda","Yes","Our aim is to give you access to eye-opening, hand-picked back-dated and most up-to-date eye-opening stories and information from thousands of publications.",10747,181,1,22,"http://t.co/0Oo2Eiepvy","EyeOpening.Info","2014-01-13T03:25:25Z","FALSE","FALSE","EyeOpeningInfo",,"en",2289031152,6,"FALSE","http://pbs.twimg.com/profile_images/422594286283026432/m3r63LNd_normal.png"
"filmsforaction","propaganda","Yes","A community-powered news & learning library for people who want to change the world. Watch over 1500 films. Add & rate content. Start a local chapter. Join us!",5957,14707,46,313,"http://t.co/12jlYbtfuB","Films For Action","2009-07-01T22:14:51Z","FALSE","FALSE","FilmsForAction",,"en",52869924,525,"FALSE","http://pbs.twimg.com/profile_images/464217957036339200/vd9ezH4r_normal.jpeg"
"forpoljournal","propaganda","Yes","Critical analysis, world news, and opinion commentary on international affairs",6029,3398,22,469,"http://t.co/OUxXz1rNyV","ForeignPolicyJournal","2009-05-15T08:07:21Z","FALSE","FALSE","ForPolJournal","USA","en",40200634,185,"FALSE","http://pbs.twimg.com/profile_images/523468740877225984/j6V4adj1_normal.png"
"fort_russ_news","propaganda","Yes","Russia War News & More - Read what Russia Reads!",6340,2453,146,649,"http://t.co/LSPtvwhLyA","Fort Russ News","2012-10-04T13:53:31Z","FALSE","FALSE","Fort_Russ_News","Boston, Riga","en",861434924,145,"FALSE","http://pbs.twimg.com/profile_images/637734713176780801/iIMY89WX_normal.jpg"
"fprnradio","clickbait","Yes",,15891,323,0,72,"http://t.co/J1q2Je4CBq","FPRN Radio Network","2013-02-20T20:36:33Z","FALSE","FALSE","FPRNRadio",,"en",1202084460,26,"FALSE","http://pbs.twimg.com/profile_images/808529183450296325/T23R5acs_normal.jpg"
"freedomoutpost","propaganda","Yes","Don't tread on us.",0,2391,0,0,"http://t.co/74K2f8ZPYU","Freedom Outpost","2012-07-06T12:42:43Z","FALSE","FALSE","FreedomOutpost",,"en",628345598,20,"FALSE","http://pbs.twimg.com/profile_images/2372822451/FB_Profile2_normal.jpg"
"galacticconnect","propaganda","Yes","The Latest In Planetary News and Updates",16238,2201,1,43,"http://t.co/NbAeOBkp1y","GalacticConnection","2012-08-07T17:45:00Z","FALSE","FALSE","GalacticConnect","San Diego, California","en",743380057,47,"FALSE","http://pbs.twimg.com/profile_images/576877982469337089/e5tYYYLK_normal.png"
"gangstergovt","propaganda","Yes",,436,34,395,57,"http://t.co/Kqaav4Jp7v","Gangster Government","2010-05-26T12:13:29Z","FALSE","FALSE","GangsterGovt",,"en",148324279,10,"FALSE","http://pbs.twimg.com/profile_images/513777227775741952/oHfFOWCO_normal.jpeg"
"gatesofvienna","propaganda","Yes","Blogger booted us out. Now back up & STILL striving 4 Western values:primacy of the person, free speech; rule of law, and property rights. Gratitude wins. #TGDN",17068,7872,183,3083,"http://t.co/TQuxHAlViw","Gates of Vienna","2009-10-22T13:30:05Z","FALSE","FALSE","GatesofVienna","Foothills of Blue RIdge Mtns","en",84324670,194,"FALSE","http://pbs.twimg.com/profile_images/1243719010/govtwitter_normal.jpg"
"geoengwatch","propaganda","Yes",,1820,2867,0,0,"http://t.co/fS4KifAjz3","Geoengineering Watch","2012-09-27T19:02:49Z","FALSE","FALSE","GeoengWatch",,"en",849785408,101,"FALSE","http://pbs.twimg.com/profile_images/2656035961/6b25c9676d8ac63f1ece41b81f68fa1f_normal.jpeg"
"geopolmonitor","propaganda","Yes","GEOPOLMonitor is an independent platform featuring geopolitical news, analysis and reports.",198,336,37,371,"https://t.co/glBXIfCzKv","GEOPOLMonitor","2016-07-23T19:23:18Z","FALSE","FALSE","geopolmonitor",,"en",7.56932720094245E+017,12,"FALSE","http://pbs.twimg.com/profile_images/756933418261344256/HuiRKRON_normal.jpg"
"gomerblog","satire","Yes","Earth's greatest medical news source for physicians, nurses, other healthcare professionals, and students.",12633,15434,3208,469,"https://t.co/Enk2wCfMNX","GomerBlog","2013-06-18T01:58:58Z","FALSE","FALSE","GomerBlog","Administration Offices","en",1526458003,263,"FALSE","http://pbs.twimg.com/profile_images/658790087002468352/5TLViFe8_normal.png"
"govtslaves","clickbait","Yes","Send news tips to contact@govtslaves.info",20729,2071,1449,2124,"https://t.co/CyCc13PBMn","GOVERNMENT SLAVES","2011-05-03T22:07:31Z","FALSE","FALSE","govtslaves","The First State","en",292586544,45,"FALSE","http://pbs.twimg.com/profile_images/762509042270867456/YMTaSMPe_normal.jpg"
"guccifer_2","propaganda","Yes",,74,46838,37,110,"https://t.co/xE1Bjb99BB","GUCCIFER 2.0","2016-06-20T15:20:51Z","FALSE","FALSE","GUCCIFER_2",,"en",7.44912907515855E+017,402,"FALSE","http://pbs.twimg.com/profile_images/744917227174952960/c2y5fphn_normal.jpg"
"gulagbound","clickbait","Yes","https://t.co/hliqMUrsj4 exposes threats to our sovereign freedom, even when the truth is painful. Also see The Globe & Malevolence (#G8M, link below):",14892,20411,91,17754,"https://t.co/ajVlEaQ2sn","Gulag Bound","2010-06-28T16:17:24Z","FALSE","FALSE","GulagBound","1st Amendment at Serfdom Rd.","en",160591174,363,"FALSE","http://pbs.twimg.com/profile_images/3470009621/cba1c70c472e9a28e198ad1746402226_normal.jpeg"
"hangthebankers","clickbait","Yes","https://t.co/jbVzCbSEaG is your #1 source of the news that matters.",9250,10339,0,249,"http://t.co/0KB7MyrhC4","HangTheBankers.com","2012-04-11T03:48:12Z","FALSE","FALSE","hangthebankers","Worldwide","en",550756440,170,"FALSE","http://pbs.twimg.com/profile_images/843703431126630400/yorRwrl4_normal.jpg"
"healthranger","propaganda","Yes","Consumer health advocate and editor of https://t.co/Esaj5fU58j. Get a free eBook (25 Facts About Food) at https://t.co/IkZzndSaNt",34963,113545,9,45,"http://t.co/Esaj5gcemr","HealthRanger","2008-08-13T22:02:23Z","FALSE","FALSE","HealthRanger","Tucson, AZ","en",15843059,3576,"FALSE","http://pbs.twimg.com/profile_images/466669627947237377/qu4FUDr6_normal.jpeg"
"henrymakow","propaganda","Yes","Exposing Feminism and The New World Order.",33696,10999,5,310,"http://t.co/Fh0bOqvxbe","Henry Makow","2012-01-29T17:06:48Z","FALSE","FALSE","HenryMakow",,"en",477864155,257,"FALSE","http://pbs.twimg.com/profile_images/1790281240/henry-makow_normal.jpg"
"ifyou0nlynews","satire","Yes",,6047,1174,597,45,"http://t.co/lKLa16BJGi","If You Only News","2014-10-29T17:37:17Z","FALSE","FALSE","IfYou0nlyNews",,"en",2882369826,14,"FALSE","http://pbs.twimg.com/profile_images/578677765521547264/lc6ARQOd_normal.jpeg"
"infowars","propaganda","Yes","You have found the tip of the spear in alternative media - Circumventing the dying dinosaur media systems of information suppression",38024,278836,1121,546,"http://t.co/KuO73sErVG","infowars","2008-04-24T02:26:22Z","FALSE","FALSE","infowars","Austin, Texas","en",14505245,2362,"FALSE","http://pbs.twimg.com/profile_images/771129571143917568/ALsCCg-v_normal.jpg"
"intellihubnews","clickbait","Yes","Official Twitter of Intellihub News & Politics, a leading independent news agency in the upper 1% traffic tier on the World Wide Web.",24672,22898,1582,267,"http://t.co/h70Btx877g","Intellihub","2010-07-17T08:56:31Z","FALSE","FALSE","intellihubnews",,"en",167716675,666,"FALSE","http://pbs.twimg.com/profile_images/477188390018768896/KqoXVCJF_normal.png"
"intersectionen","propaganda","Yes","Russia/Europe/World. An online journal providing analysis of political, economic&social developments in Russia and beyond. На русском - @Intersection_RU",3993,2263,171,652,"http://t.co/t0FeV67ANf","Intersection","2015-05-20T06:18:27Z","FALSE","TRUE","IntersectionEN",,"en",3290907035,138,"FALSE","http://pbs.twimg.com/profile_images/600909003070124032/syB7Gb4e_normal.jpg"
"intrepid_report","propaganda","Yes","Fearless, feisty and independent news, commentary and analysis",9434,889,165,786,"http://t.co/Z0q9jFdbtl","Intrepid Report","2009-03-22T04:07:22Z","FALSE","FALSE","Intrepid_Report","Global","en",25778467,67,"FALSE","http://pbs.twimg.com/profile_images/1571126230/IR_100x100_normal.jpg"
"investwatchblog","propaganda","Yes","Spreading the truth. Empowering the people. 
Facebook Page: https://t.co/h6aQUOPMM7",246911,4233,637,519,"http://t.co/ifVqaDurrD","InvestmentWatch","2010-02-10T02:24:58Z","FALSE","FALSE","InvestWatchBlog","USA","en",112902058,223,"FALSE","http://pbs.twimg.com/profile_images/603357884009680896/VguTpI5V_normal.png"
"invresdynamics","propaganda","Yes",,8579,2431,54,521,"http://t.co/ksEUfdoGRX","David Kranzler","2009-08-18T10:35:47Z","FALSE","FALSE","InvResDynamics","Denver","en",66649220,60,"FALSE","http://pbs.twimg.com/profile_images/565554995966119936/BzcXGmsU_normal.jpeg"
"joingaia","propaganda","Yes","We answer Gaia support questions 5 days a week + guidance for your transformational journey.",10359,22759,2202,5853,"https://t.co/5qgHFSKxYN","Gaia","2011-09-15T16:28:36Z","FALSE","TRUE","JoinGaia","Boulder, Colorado","en",374048289,524,"FALSE","http://pbs.twimg.com/profile_images/860241570531991552/TiODSjfL_normal.jpg"
"journalneo","propaganda","Yes","New Eastern Outlook provides a daily analysis on the world affairs and events with focus on MENA and Asian countries. https://t.co/EjJELzCgqy",33222,17156,1005,3563,"http://t.co/JwlNUcAmLC","New Eastern Outlook","2010-07-13T19:48:36Z","FALSE","FALSE","JournalNEO",,"en",166284293,713,"FALSE","http://pbs.twimg.com/profile_images/458882593027411968/b3D-C-dr_normal.png"
"katehonnews","propaganda","Forbidden (HTTP 403)","NA","NA","NA","NA","NA","NA","NA","NA","NA","NA","NA","NA","NA","NA","NA","NA","NA"
"kingworldnews","propaganda","Yes",,4326,14440,0,7,"NA","King World News","2010-08-21T13:36:15Z","FALSE","FALSE","KingWorldNews",,"en",181168139,384,"FALSE","http://pbs.twimg.com/profile_images/1110284548/kingworldnews_normal.png"
"laurahuntercdr","propaganda","Not Found (HTTP 404)","NA","NA","NA","NA","NA","NA","NA","NA","NA","NA","NA","NA","NA","NA","NA","NA","NA"
"lewrockwell","clickbait","Yes","Founder and chairman of the Ludwig von Mises Institute, editor of http://t.co/20deIXtiUM.",43336,51789,3,46,"http://t.co/9AajC81xee","Lew Rockwell","2009-02-14T08:26:59Z","FALSE","FALSE","lewrockwell","Auburn, Alabama","en",20837035,1564,"FALSE","http://pbs.twimg.com/profile_images/634770570412822528/DSUiZT-E_normal.png"
"libamericaorg","clickbait","Yes","Liberal America Media LLC: Saving America Since 1776.  Find us on Facebook at https://t.co/ZSEWrVAL5w",23507,8964,1248,618,"http://t.co/Dmkkm6HjmG","Liberal America","2013-03-28T21:23:12Z","FALSE","FALSE","LibAmericaOrg","Liberal America","en",1311764197,102,"FALSE","http://pbs.twimg.com/profile_images/430128280146935808/qsEGZIhm_normal.png"
"libertyblitz","propaganda","Yes","""It is better to go skiing and think of God, than go to church and think of sport."" - Fridtjof Nansen",41541,12044,1,274,"https://t.co/Ono7qIButo","Michael Krieger","2012-04-21T19:06:49Z","FALSE","FALSE","LibertyBlitz","Colorado","en",559802746,437,"FALSE","http://pbs.twimg.com/profile_images/857315597952135174/m63-zwNv_normal.jpg"
"lightalexander","clickbait","Yes","I am a free human being. In this life I am a man, and I received the name Alexander.
~ I am another you ~",12155,2112,0,1664,"http://t.co/wnG5O5JA9X","Alexander Light","2010-12-10T11:20:47Z","FALSE","FALSE","LightAlexander","Planet Earth","en",224992161,72,"FALSE","http://pbs.twimg.com/profile_images/521355696504197120/qrmSaSLf_normal.jpeg"
"lukewearechange","propaganda","Yes","“Mr. Rudkowski is no shrinking violet. Armed with a video camera and a YouTube account- NYTIMES
http://t.co/jDIq2Ck0id
BTC 17zfAyA1kxieD7QzjRUDLrRPRxxfPDZxtD",20765,64774,811,2192,"http://t.co/7rbyZKKhRi","Luke Rudkowski","2009-12-10T22:04:56Z","FALSE","TRUE","Lukewearechange","Brooklyn NY","en",95994080,1385,"FALSE","http://pbs.twimg.com/profile_images/848306522517979136/HaZ1ocCC_normal.jpg"
"megynkelly","propaganda","Yes","Happily married to Doug, crazy in love with my children Yates, Yardley, and Thatcher, and anchor at NBC News.",12867,2266482,13,1446,"NA","Megyn Kelly","2010-02-01T15:36:12Z","FALSE","TRUE","megynkelly",,"en",110445334,12307,"FALSE","http://pbs.twimg.com/profile_images/477207730139049984/lUVfaw34_normal.jpeg"
"mintpressnews","propaganda","Yes","Independent watchdog journalism covering imperialism, corporatocracy & civil liberties. Subscribe to #BehindTheHeadline w/ @MnarMuh http://t.co/f9sfRYsclp",71507,32501,4051,2192,"http://t.co/uIQALyD5ZS","MintPress News","2011-11-17T18:30:01Z","FALSE","FALSE","MintPressNews","Correspondents everywhere","en",414962189,1270,"FALSE","http://pbs.twimg.com/profile_images/618497684752592896/vsS1ZlNE_normal.png"
"moonofa","propaganda","Yes",,12312,4685,2144,545,"http://t.co/KXTzKkI4ky","Moon of Alabama","2009-03-06T09:23:22Z","FALSE","FALSE","MoonofA",,"en",23047519,174,"FALSE","http://pbs.twimg.com/profile_images/1632088489/moalogo_normal.jpg"
"natcounterpunch","propaganda","Yes","We run the stories the corporate press never print.",9937,49875,20665,8318,"http://t.co/OwYhrWRUVl","CounterPunch","2011-05-12T23:04:47Z","FALSE","TRUE","NatCounterPunch","PDX","en",297688038,1673,"FALSE","http://pbs.twimg.com/profile_images/747103658572058625/coqmtme__normal.jpg"
"ncscooper","satire","Yes","Randall Fink Finkelstein is the managing editor of the Nevada County Scooper and the recipient of many awards. He occasionally thinks about Sierra County.",7574,3381,110,66,"http://t.co/CVTiG98uut","Randall Finkelstein","2014-06-10T21:30:40Z","FALSE","FALSE","ncscooper","Penn Valley, CA USA","en",2559938790,24,"FALSE","http://pbs.twimg.com/profile_images/665030092230291457/flsoriJf_normal.png"
"newsbiscuit","hoax","Yes","The UK's original daily news satire site",10962,13017,1083,4400,"http://t.co/SSCAdvBRpa","NewsBiscuit","2009-01-30T16:27:52Z","FALSE","FALSE","NewsBiscuit","Not the Isle of Wight","en",19774586,420,"FALSE","http://pbs.twimg.com/profile_images/413235920507109377/P3_4CxGy_normal.jpeg"
"newswndr","satire","Yes","World News Daily Report: News you can trust!",722,92,1,4,"http://t.co/xQruNPpxW4","WorldNewsDailyReport","2014-01-11T23:47:40Z","FALSE","FALSE","NewsWndr",,"fr",2275780065,7,"FALSE","http://pbs.twimg.com/profile_images/422157399135232000/-U0a-PFR_normal.png"
"nowtheendbegins","clickbait","Yes","NTEB is an end times witness for Jesus Christ to a lost and dying world in the last days before the Rapture. #bibleprophecy #endtimes #nowtheendbegins #NTEB",8607,12918,3140,9923,"https://t.co/33FX7VUAhc","Now The End Begins","2010-05-16T03:07:43Z","FALSE","FALSE","NowTheEndBegins","Florida","en",144367359,256,"FALSE","http://pbs.twimg.com/profile_images/805434504953401344/44OmgM4l_normal.jpg"
"nsnbc","propaganda","Yes","Daily, independent, international news, opinion and analysis at http://t.co/mdktSxFwT0",20846,953,1305,0,"http://t.co/mdktSxFwT0","nsnbc international","2010-06-02T18:59:07Z","FALSE","FALSE","nsnbc","International","en",151155898,63,"FALSE","http://pbs.twimg.com/profile_images/3354871974/4acc3815dd91bde0763f0f84eb962e27_normal.jpeg"
"occupydemocrats","clickbait","Yes","Grassroots political organization and information website dedicated to the goals of the Occupy movement and progressive Democrats. https://t.co/B5sJVNesgZ",16202,33072,4653,11,"http://t.co/jC5PkNeScs","Occupy Democrats","2012-10-13T17:12:40Z","FALSE","FALSE","OccupyDemocrats","United States","en",878284831,633,"FALSE","http://pbs.twimg.com/profile_images/798546872348577793/XZXel8_T_normal.jpg"
"offguardian0","propaganda","Yes","Monitoring the post-Snowden decline of the Guardian, and questioning prevailing media narratives",3979,5345,732,751,"http://t.co/CcTN6lRlUR","OffGuardian","2015-04-16T00:34:04Z","FALSE","FALSE","OffGuardian0",,"en",3171668783,108,"FALSE","http://pbs.twimg.com/profile_images/635274289655189504/4GN9SBiR_normal.jpg"
"opednews","propaganda","Yes","OEN's Progressive news and opinion Article Feed. Also see @robkall on twitter. #OWS #whistleblower #electionreform #P2  email rob@opednews.com",65300,3187,5,367,"http://t.co/pAbopcTQoV","opednews","2008-09-30T02:06:12Z","FALSE","FALSE","opednews","Newtown, PA","en",16522257,259,"FALSE","http://pbs.twimg.com/profile_images/61015954/oenearthlogo_normal.gif"
"orientalreview","propaganda","Yes","Open Dialogue Research Journal",819,233,8,275,"http://t.co/wB6l1bG4Xs","Oriental Review","2010-03-06T21:23:16Z","FALSE","FALSE","orientalreview","Moscow","en",120569169,18,"FALSE","http://pbs.twimg.com/profile_images/3404954076/fa2e7e335782f92131d4bb46ea250e47_normal.jpeg"
"other98","clickbait","Yes","We're a non-profit fighting for economic justice & corporate accountability.",4802,16748,742,739,"http://t.co/jAG1UbVcjr","The Other 98%","2010-03-18T18:22:26Z","FALSE","FALSE","other98","The United States of America","en",124234862,543,"FALSE","http://pbs.twimg.com/profile_images/842051369490034690/Ihb3aLc0_normal.jpg"
"pakalert","clickbait","Yes","Pakalertpress.com is the research project that turned out as one of the most popular alternative news publishers over Internet. Follow us and spread the word..",40364,8962,190,2273,"http://www.pakalertpress.com/","Pakalert Press","2008-11-03T05:54:01Z","FALSE","FALSE","pakalert",,"en",17126662,173,"FALSE","http://pbs.twimg.com/profile_images/511353959/logo_small2_normal.jpg"
"paulcraigrobert","propaganda","Yes","Former editor and columnist for the Wall Street Journal, Business Week, and Scripps Howard News Service. Now, chairman of The Institute for Political Economy.",6294,7148,3254,866,"http://t.co/vabEcBO45t","PaulCraigRoberts","2013-11-26T11:49:37Z","FALSE","FALSE","PaulCraigRobert",,"en",2215592053,222,"FALSE","http://pbs.twimg.com/profile_images/378800000792846183/ad715388665b12c18854f91b3fcd3d6e_normal.jpeg"
"politicususa","clickbait","Yes","This is the official Twitter account of the home of real liberal politics http://t.co/AfPJeIFnTk",32751,58018,324,4030,"http://t.co/1JSAvM5aI1","PoliticusUSA","2008-05-15T23:31:00Z","FALSE","FALSE","politicususa","USA","en",14792049,1450,"FALSE","http://pbs.twimg.com/profile_images/747498863213240320/z-BNyLRB_normal.jpg"
"pravdaru","propaganda","Yes","В чем сила, брат? В Правде!:)",205729,106589,303,865,"http://t.co/4MdFWPggJw","Pravda.ru","2009-04-22T06:50:47Z","FALSE","FALSE","PravdaRu","55.768543,37.666014","ru",34209920,1138,"FALSE","http://pbs.twimg.com/profile_images/1302931996/__________normal.png"
"prepperwebsite","propaganda","Yes","Bringing you the best in #Preparedness, #Survival, #Homesteading #Self-Reliance, #Bushcraft, #Altnews #Prepper
#PODCAST - https://t.co/TY6mFoQBvS",56701,11068,682,50,"http://t.co/rzyNqH7pra","PrepperWebsite","2011-09-19T00:39:33Z","FALSE","FALSE","PrepperWebsite","Republic of Texas ","en",375932471,424,"FALSE","http://pbs.twimg.com/profile_images/422053776149602305/5lqgS0Dp_normal.jpeg"
"presstv","propaganda","Yes","Press TV is the first Iranian international news network, broadcasting in English on a round-the-clock basis.",161638,132747,2326,69,"https://t.co/uAIbpy7LZV","Press TV","2010-09-19T13:30:33Z","FALSE","TRUE","PressTV","Tehran, Iran","en",192547775,2522,"FALSE","http://pbs.twimg.com/profile_images/756908877128556544/gpBc5Ebz_normal.jpg"
"privateeyenews","hoax","Yes","Britain's best-selling news and current affairs magazine",1812,367850,149,0,"http://t.co/o4GS858Oud","Private Eye Magazine","2009-10-20T10:22:03Z","FALSE","FALSE","PrivateEyeNews","UK","en",83814679,4670,"FALSE","http://pbs.twimg.com/profile_images/2535667436/324g4clpgjbd5aw0dljm_normal.gif"
"realdailywire","propaganda","Yes","Official Twitter Feed of The Daily Wire.  Follow Editor-in-Chief @benshapiro Email Ben at bshapiro@dailywire.com
Twitter Admin: @warriorwoman91",32095,49576,1785,9959,"https://t.co/xXNB0f3lRx","The Daily Wire","2015-10-31T15:42:25Z","FALSE","TRUE","realDailyWire","California, USA","en",4081106480,530,"FALSE","http://pbs.twimg.com/profile_images/660488928240119808/QqX7ED73_normal.png"
"realdennislynch","propaganda","Yes","Host of DML DAILY REPORT webcast, Editor at https://t.co/OOS15NOBe9, Producer THEY COME TO AMERICA films. Trump Supporter. https://t.co/NAOthfsO3Y",1167,36846,15,106,"https://t.co/OOS15NOBe9","Dennis Michael Lynch","2015-11-14T02:46:40Z","FALSE","FALSE","realDennisLynch",,"en",4183248796,173,"FALSE","http://pbs.twimg.com/profile_images/665362240636215296/1nyD4a-1_normal.png"
"realnewstarget","propaganda","Yes","Get the raw truth here. #donttreadonme #MAGA #1A #2A #DTS",11857,1006,4,30,"https://t.co/LN3GjBmkq5","NewsTarget","2015-10-14T16:20:51Z","FALSE","FALSE","RealNewsTarget","USA","en",3957294317,365,"FALSE","http://pbs.twimg.com/profile_images/765615545274163200/nldRoChG_normal.jpg"
"realtruthkings","propaganda","Yes",,10725,1541,42,412,"https://t.co/s9zVAwd5kd","TruthKings","2015-10-15T23:01:54Z","FALSE","FALSE","realtruthkings",,"en",3907583365,25,"FALSE","http://pbs.twimg.com/profile_images/661258232552296448/BtlaGCf1_normal.jpg"
"redflagnews","propaganda","Yes","RFN is a U.S. based news aggregation website by J.R. Elliott. This is the official Twitter account. #RedFlagNews",56760,11617,166,403,"https://t.co/AiFWoWNrms","RedFlagNews.com","2009-07-03T04:49:30Z","FALSE","FALSE","redflagnews","United States","en",53297881,329,"FALSE","http://pbs.twimg.com/profile_images/811285017972260864/RfYI4nbv_normal.jpg"
"redstate","clickbait","Yes","RedState: Political News - Conservative Blog & Right Wing Views | Get the RedState Morning Briefing here: https://t.co/YuUXEM5tIw",43789,193547,32,517,"https://t.co/AwWAsokOkM","RedState","2007-04-01T16:25:38Z","FALSE","TRUE","RedState","Washington, D.C.","en",3135241,4785,"FALSE","http://pbs.twimg.com/profile_images/3153911530/20ba1b5b03d54f0f7fae18dcbc4f7910_normal.jpeg"
"reductress","satire","Yes","The one and only fake women's news magazine. Our book, How to Win at Feminism, is on sale now: https://t.co/PeSugZ3z22",23802,90921,1007,910,"https://t.co/4xmExyg8nG","Reductress","2013-01-14T20:04:31Z","FALSE","TRUE","Reductress","New York","en",1090026433,906,"FALSE","http://pbs.twimg.com/profile_images/413509753185128448/gvk-A4qp_normal.jpeg"
"regated","propaganda","Yes",,1927,15443,578,3,"https://t.co/gC0P1jXiz1","REGATED","2016-05-14T03:15:03Z","FALSE","FALSE","regated","United States","en",7.31321902086656E+017,109,"FALSE","http://pbs.twimg.com/profile_images/791721246505390080/IyY81-yO_normal.jpg"
"rhobbusjd","hoax","Yes","Join world renowned investigative journalist R. Hobbus, JD as he makes the jump from print to electronic journalism.",357,579,436,203,"https://t.co/vqhyagKDwI","R. Hobbus JD","2015-03-19T20:12:03Z","FALSE","FALSE","RHobbusJD","Washington, D.C.","en",3097559537,18,"FALSE","http://pbs.twimg.com/profile_images/747817554983399425/d5AZ2LCq_normal.jpg"
"rinf_community","propaganda","Yes","The RINF online community forum and open publishing newswire: http://t.co/aaPyq1rdKB",58571,987,0,6,"http://t.co/KAAuToEJOu","rinf_community","2008-09-10T07:43:34Z","FALSE","FALSE","rinf_community",,"en",16218068,83,"FALSE","http://pbs.twimg.com/profile_images/3338185400/829a004e987898fed1c952e956d44383_normal.png"
"risingpatriot","propaganda","Yes","Alternative News Site -- #politics #freedom #liberty #survival #preppers #alternatenews",8224,192,0,39,"http://t.co/OScvCGkJI4","PatriotRising.com","2013-09-18T03:24:36Z","FALSE","FALSE","RisingPatriot","Interwebs","en",1877901985,12,"FALSE","http://pbs.twimg.com/profile_images/378800000511468049/404b69552b0cfe8ac08960657e2d2218_normal.png"
"ronpaulinstitut","propaganda","Yes","Official Twitter page of the Ron Paul Institute for Peace and Prosperity",3766,19341,9,15,"http://t.co/diILtg7Z3D","Ron Paul Institute","2012-12-28T20:31:52Z","FALSE","FALSE","RonPaulInstitut",,"en",1043097751,372,"FALSE","http://pbs.twimg.com/profile_images/3539908374/6f1209cbd6791a478e65d8d03e32be8d_normal.jpeg"
"rt_com","propaganda","Yes","RT, the global news network, broadcasts from Moscow, London and Washington studios to over 100 countries.",211054,2598514,812,599,"http://t.co/bDDyvy9DmR","RT","2009-08-11T06:12:45Z","FALSE","TRUE","RT_com",,"en",64643056,20557,"FALSE","http://pbs.twimg.com/profile_images/819870660507955202/aIKukPJE_normal.jpg"
"ruptly","propaganda","Yes","International video news agency. Part of the RT global news network. https://t.co/Yp5ODY7dEk",69423,44292,1577,575,"https://t.co/crvXqeUPMN","Ruptly","2012-11-08T12:31:00Z","FALSE","TRUE","Ruptly","Berlin, Germany","en",934399189,1290,"FALSE","http://pbs.twimg.com/profile_images/760054368196501505/i4lIOXHK_normal.jpg"
"rusnewspapers","propaganda","Yes","Gathering and spreading news from various #Russian #Newspapers #news, #runews, #rusnews",16311,431,26,561,"https://t.co/Bkd59kjqUW","The Newspapers","2016-03-06T13:48:24Z","FALSE","FALSE","RusNewspapers",,"ru",7.06476526737486E+017,70,"FALSE","http://pbs.twimg.com/profile_images/710500891372208128/waXTBZcd_normal.jpg"
"russiabeyond","propaganda","Yes","Russia Beyond the Headlines - Your guide to Russia, a diverse and complex country that cannot be understood in the context of stereotypes",34253,16700,734,995,"https://t.co/8zDSqN0Dob","RBTH","2010-01-19T12:13:28Z","FALSE","TRUE","russiabeyond","Russia","en-gb",106393496,735,"FALSE","http://pbs.twimg.com/profile_images/464063256533798914/usgh2oaA_normal.png"
"russiainsider","clickbait","Yes","Louise Mensch's favorite Kremlin troll",29311,28050,1449,514,"http://t.co/F8iBnYqSvn","Russia Insider","2014-08-17T12:00:43Z","FALSE","FALSE","RussiaInsider","Moscow, Russia","en",2739596257,886,"FALSE","http://pbs.twimg.com/profile_images/509254635995930624/IE0H7oc6_normal.png"
"sanaajel","propaganda","Yes",,152968,51848,21,1,"http://t.co/tPBcG8mM","سانا عاجل","2012-05-08T10:29:44Z","FALSE","FALSE","SanaAjel","Syria- Damascus","en",574367939,370,"FALSE","http://pbs.twimg.com/profile_images/672101101185974272/sBqkzXiZ_normal.png"
"satiratribune","satire","Yes",,1924,877,702,647,"http://t.co/RDABMiKXUh","Satira Tribune","2008-12-01T23:52:26Z","FALSE","FALSE","SatiraTribune","Los Angeles","en",17793358,35,"FALSE","http://pbs.twimg.com/profile_images/658154854729146368/5bJHLtdM_normal.jpg"
"scgupdates","propaganda","Yes","Also find our content at http://t.co/jlu8iMbWBz Please note that we previously used a different twitter handle.",1662,27689,128,367,"http://t.co/lcU2vWVnUC","StormCloudsGathering","2010-02-07T05:47:27Z","FALSE","FALSE","SCGupdates",,"en",112078593,516,"FALSE","http://pbs.twimg.com/profile_images/812093871169511424/4lqC8lsS_normal.jpg"
"sgtreport","propaganda","Yes","The corporate propaganda antidote",43476,10161,754,277,"http://t.co/yTQkX4qD2M","SGTreport","2012-01-03T19:27:13Z","FALSE","FALSE","SGTreport",,"en",454232867,202,"FALSE","http://pbs.twimg.com/profile_images/494569039683792896/r2RQcm08_normal.jpeg"
"silverdoctors","propaganda","Yes","Gold and Silver Market Moving News.  Interviews with Premier Gold and Silver Miners and Experts.  Check us out at http://t.co/bSdKJn8Owr.",21818,12345,2,2524,"http://t.co/5mG3cJ2Avw","SilverDoctors.com","2011-04-16T13:24:32Z","FALSE","FALSE","SilverDoctors","https://twitter.com/","en",283047655,244,"FALSE","http://pbs.twimg.com/profile_images/3670418439/197a278a084a9d2fb8ede7083dfad6bb_normal.jpeg"
"sleuthjournal","propaganda","Yes","The Sleuth Journal is an independent alternative media organization comprised of individuals & groups working to expose the NWO.

FB: https://t.co/K4il6hbNpP",18223,4394,155,777,"http://t.co/CT1xmpw7","The Sleuth Journal","2012-10-11T01:04:36Z","FALSE","FALSE","SleuthJournal",,"en",872769931,96,"FALSE","http://pbs.twimg.com/profile_images/2703683855/408e26e1df2b71b08505914c4dfca2a4_normal.png"
"sottnet","propaganda","Yes","Independent journalism, unbiased analysis - the World for People who Think",120360,8674,43,665,"http://t.co/7R5ZjB2xSk","Signs Of The Times","2009-02-15T19:24:21Z","FALSE","FALSE","SOTTnet","Global","en",20930176,536,"FALSE","http://pbs.twimg.com/profile_images/686296415446798337/vqVp1ZeV_normal.jpg"
"southfronteng","propaganda","Yes","News, politics and analysis for those who like to think outside the box.",21499,10213,57,281,"http://t.co/4LMUoAAGEf","SouthFront","2014-03-03T05:38:47Z","FALSE","FALSE","southfronteng","info@southfront.org","en",2369910918,342,"FALSE","http://pbs.twimg.com/profile_images/687592587927138304/Z1scWw1M_normal.jpg"
"sputnikint","propaganda","Yes","Sputnik is a global wire, radio and digital news service. We exist to tell the stories that aren’t being told.",181802,186399,18,276,"https://t.co/CGNEJoSLHS","Sputnik","2009-04-22T12:55:28Z","FALSE","TRUE","SputnikInt",,"en",34262462,5758,"FALSE","http://pbs.twimg.com/profile_images/861827601723273216/f4cy9p5-_normal.jpg"
"strateg_culture","propaganda","Yes","Strategic Culture Foundation provides a platform for exclusive analysis, research and policy comment on Eurasian and global affairs.",7309,2234,265,85,"http://t.co/DizIjzPJhv","Strategic Culture","2010-11-10T15:02:06Z","FALSE","FALSE","Strateg_Culture",,"en",214091399,164,"FALSE","http://pbs.twimg.com/profile_images/2235426507/1pic_normal.jpg"
"superstation95","propaganda","Yes","New York City's News/Talk/Classic Rock Leader",2051,1846,0,84,"http://t.co/5mTO1noffL","SuperStation95","2014-04-16T09:43:07Z","FALSE","FALSE","SuperStation95","New York City, NY, USA","en",2446907407,36,"FALSE","http://pbs.twimg.com/profile_images/653335536686526464/1rK1v-9N_normal.png"
"survivopedia","propaganda","Yes","Growing encyclopedia of survival, your source of uncommon wisdom for dangerous times.",1598,775,125,327,"http://t.co/hldfGAUnm5","Survivopedia","2013-12-12T15:56:49Z","FALSE","FALSE","Survivopedia",,"en",2242566230,23,"FALSE","http://pbs.twimg.com/profile_images/413357617465925633/kEDLSP7a_normal.jpeg"
"tesspennington","propaganda","Yes","Preparedness geek, homesteader and best-selling author whose mission is to encourage and empower others through sustainable and mindful living. #GetPrepped",4636,1424,5,594,"http://t.co/Kl25MXzpnH","Ready Nutrition","2010-03-26T02:29:11Z","FALSE","FALSE","TessPennington","Pacific Northwest","en",126503408,109,"FALSE","http://pbs.twimg.com/profile_images/593298837545963521/tq0cZTnm_normal.jpg"
"tftproject","clickbait","Yes",,8623,11428,204,479,"http://t.co/kvUoh4bMVB","Free Thought Project","2013-10-17T01:51:01Z","FALSE","FALSE","TFTPROJECT",,"en",1965905149,256,"FALSE","http://pbs.twimg.com/profile_images/378800000621195716/58a8ae669d4ed1978a9f3770b57ad584_normal.jpeg"
"theancientcode","propaganda","Yes","Ancient Code-  Deciphering History together. Looking into the Ancient Alien Theory, Lost Civilizations, UFO phenomenon and beyond!",2796,3756,2,3,"http://t.co/7rHqJYp8v4","Ancient Code","2013-01-26T12:43:15Z","FALSE","FALSE","theAncientCode",,"en",1121890495,86,"FALSE","http://pbs.twimg.com/profile_images/689431546248364032/w7a_2TPC_normal.jpg"
"thebell_news","propaganda","Yes",,2711,705,0,27,"http://t.co/dlRioMyJWR","The Daily Bell","2013-09-12T12:30:56Z","FALSE","FALSE","TheBell_News","Media, News, Publishing","en",1857277280,36,"FALSE","http://pbs.twimg.com/profile_images/655010680874078209/rUyoUmbJ_normal.jpg"
"theblaze","clickbait","Yes","Authentic. Unfiltered. Fearless.",77654,633479,341,458,"https://t.co/58p7NRodkf","TheBlaze","2007-12-01T22:23:57Z","FALSE","TRUE","theblaze","Dallas, TX","en",10774652,7361,"FALSE","http://pbs.twimg.com/profile_images/753288359632527361/9aLk8rD__normal.jpg"
"thecommonseshow","propaganda","Yes","Dave is a radio host and writer.",4280,2427,0,25,"http://t.co/KHdbaSAgEE","thecommonsenseshow","2012-09-03T07:12:43Z","FALSE","FALSE","thecommonseshow",,"en",799826336,70,"FALSE","http://pbs.twimg.com/profile_images/526049813486252032/dG909AUQ_normal.jpeg"
"thedailysheeple","clickbait","Yes","Alternative news for the alternative mind. Non mainstream news, commentary, headlies and truth for sheeple of all walks of life",21002,9768,2929,717,"http://t.co/S0gvALJyn1","The Daily Sheeple","2012-09-14T00:40:44Z","FALSE","FALSE","TheDailySheeple",,"en",822423872,349,"FALSE","http://pbs.twimg.com/profile_images/378800000798110293/8d92e00d365bdaf85352fd2f141290b9_normal.jpeg"
"thedcgazette","hoax","Yes","Reading the Nation's Pulse (We Follow Back)",67263,3014,0,2714,"http://t.co/M3HjJxBznj","The Dc Gazette","2014-06-16T14:00:15Z","FALSE","FALSE","TheDcGazette","Washing DC","en",2571012091,45,"FALSE","http://pbs.twimg.com/profile_images/478610078090539008/_0o9ERQf_normal.jpeg"
"thedurandoes","propaganda","Not Found (HTTP 404)","NA","NA","NA","NA","NA","NA","NA","NA","NA","NA","NA","NA","NA","NA","NA","NA","NA"
"theevent2014","propaganda","Yes","The Event Chronicle is a daily alternative news blog for people interested in seeking truth and exploring alternate view points not covered in the mainstream.",16940,3858,721,903,"http://t.co/NHvDbtAaCA","The Event Chronicle","2014-02-20T21:53:37Z","FALSE","FALSE","TheEvent2014","Planet Earth","en",2353825572,74,"FALSE","http://pbs.twimg.com/profile_images/644306831855095809/r3oU8mRv_normal.jpg"
"thefederalist1","propaganda","Yes","The Federalist Papers Project : People who mean to be their own governors must be armed with the power knowledge gives",25801,8529,27,2712,"https://t.co/YNWs4CEb9F","TheFederalistPapers","2011-03-11T18:28:24Z","FALSE","FALSE","TheFederalist1","USA","en",264325600,223,"FALSE","http://pbs.twimg.com/profile_images/378800000475913843/9e03756926c91cd79a1e4ea8d83da232_normal.jpeg"
"thehuzlers","satire","Yes","Like on FB ➡ https://t.co/IRrG6Fsxw6",1230,6705,3993,12,"https://t.co/NgoyE8Up83","Huzlers","2014-01-21T04:12:24Z","FALSE","FALSE","TheHuzlers",,"en",2302467404,12,"FALSE","http://pbs.twimg.com/profile_images/447947992059117568/lEcU3JGB_normal.jpeg"
"theijr","propaganda","Yes","Independent Journal Review (IJR). 
Experience the News.",39730,146127,1954,3327,"https://t.co/RdnXJfMw4H","IJR","2012-01-26T01:06:41Z","FALSE","TRUE","TheIJR",,"en",474464413,1502,"FALSE","http://pbs.twimg.com/profile_images/784784264206442496/wKRVkdiE_normal.jpg"
"theinquisitr","clickbait","Yes","Feed for http://t.co/icHALasiQ3, national & global news, entertainment, health, science, lifestyle, sports, animal and more.",151610,57401,2382,15088,"http://t.co/W7rkMES1PW","Inquisitr News","2008-05-10T07:48:15Z","FALSE","TRUE","theinquisitr",,"en",14722676,1262,"FALSE","http://pbs.twimg.com/profile_images/703295151180025857/i-WGJv1C_normal.jpg"
"thenewcoldwar","propaganda","Yes","The New Cold War: Ukraine and beyond aims to provide accurate factual information about the Ukraine conflict and its rapidly-widening consequences.",31,134,0,30,"http://t.co/yKtUAYra3f","The New Cold War","2015-03-17T01:36:26Z","FALSE","FALSE","thenewcoldwar",,"en",3092618807,11,"FALSE","http://pbs.twimg.com/profile_images/577646249240735745/a2yBp-K-_normal.jpeg"
"thenewslo","satire","Yes","The First Ever Hybrid News/Satire Site! #ClickShowFacts! #Satire #Humor",20309,19481,315,13031,"http://t.co/hqTRuleVCX","Newslo","2011-10-18T22:53:26Z","FALSE","FALSE","TheNewslo",,"en",393693452,168,"FALSE","http://pbs.twimg.com/profile_images/378800000389688518/82d8bedf46e100258f464115121dd5d1_normal.png"
"theonion","satire","Yes","America's Finest News Source.",51161,9885037,1,15,"https://t.co/yrcmIUsgtR","The Onion","2008-03-04T02:48:37Z","FALSE","TRUE","TheOnion",,"en",14075928,74700,"FALSE","http://pbs.twimg.com/profile_images/594130975992328193/I0qqRlzA_normal.jpg"
"therebeltv","propaganda","Yes","A fearless source of news, opinion and activism. And some fun, too.",15287,81999,101,15066,"http://t.co/NC33RdyHSp","The Rebel","2015-02-13T23:28:17Z","FALSE","TRUE","TheRebelTV","Canada and the world","en",3018960919,830,"FALSE","http://pbs.twimg.com/profile_images/588028252897337347/MxdXWJ-C_normal.png"
"therussophile","propaganda","Yes","#Russia #News feed from free (= not owned by the globalist elite) media.  Hourly updated Russia News feed at: https://t.co/jDj2AHOmAX",393120,5194,27508,2297,"https://t.co/jDj2AHOmAX","Karl E","2011-10-25T15:58:40Z","FALSE","FALSE","therussophile","Moscow","en",398110728,192,"FALSE","http://pbs.twimg.com/profile_images/738092304326660096/RWBF_e8d_normal.jpg"
"thespoof","satire","Yes","Spoof news, political satire, parody and more! Gossip and entertainment, current affairs, sports, tech, science and business news and magazine. Join in the fun!",45708,787,0,103,"http://t.co/WIDQSQyOyJ","The Spoof","2011-01-13T11:50:15Z","FALSE","FALSE","TheSpoof",,"en",237686935,130,"FALSE","http://pbs.twimg.com/profile_images/1829645453/globey_normal.png"
"tna1776","propaganda","Yes","Expose the Truth, Take Action",0,56,0,0,"http://t.co/PMAz5oBi1D","TruthAndAction","2013-09-10T17:07:10Z","FALSE","FALSE","TnA1776",,"en",1851981150,2,"FALSE","http://pbs.twimg.com/profile_images/471776788775829504/JUYosk1N_normal.png"
"tnronline","hoax","Yes","National Report is America's # 1 Independent News Source. Defenders of freedom.  Followed by @TedCruz, @SarahPalinUSA, blocked by @readyforHillary",4769,4101,82,49,"http://t.co/mLYEvlnZan","National Report","2013-03-14T05:07:00Z","FALSE","FALSE","TNROnline",,"en",1266239359,52,"FALSE","http://pbs.twimg.com/profile_images/3377675704/af90a0b62c11ab47f1c7df9c20f3c1d8_normal.jpeg"
"trueactivist","clickbait","Yes",,10021,23329,0,2408,"http://t.co/43qC743FwV","True Activist","2012-01-04T02:29:58Z","FALSE","FALSE","TrueActivist",,"en",454509384,388,"FALSE","http://pbs.twimg.com/profile_images/2206521195/TA2b_normal.jpg"
"truenewsinfo","propaganda","Not Found (HTTP 404)","NA","NA","NA","NA","NA","NA","NA","NA","NA","NA","NA","NA","NA","NA","NA","NA","NA"
"trunews","propaganda","Yes","OFFICIAL TRUNEWS Account: TRUNEWS The Real News, Uncensored. Global News, Analysis & Trends from a Christian, Conservative Worldview.",33651,54472,3306,202,"https://t.co/eSFUopmFI2","TRUNEWS™","2010-04-02T23:17:59Z","FALSE","FALSE","TRUNEWS","Vero Beach, FL","en",129019194,788,"FALSE","http://pbs.twimg.com/profile_images/800440553225601025/LWk5bW42_normal.jpg"
"truthdig","propaganda","Yes","Expert news coverage, thoughtful content, and the internet's best political cartoons. Drilling beneath the headlines since 2005. RTs ≠ endorsements.",31995,73294,1260,5497,"https://t.co/JxeB1Z2DKg","Truthdig","2008-08-22T21:45:16Z","FALSE","TRUE","Truthdig","Los Angeles, CA","en",15950681,3193,"FALSE","http://pbs.twimg.com/profile_images/846811536727326721/enMigSfE_normal.jpg"
"truthfeednews","propaganda","Yes","Find us at https://t.co/j594avfPPC and on FB https://t.co/xV4Mj4bueo",12222,17284,358,16,"https://t.co/o4P7tlqa8V","TruthFeed News","2016-03-08T18:56:43Z","FALSE","FALSE","TruthFeedNews",,"en",7.07278892801765E+017,235,"FALSE","http://pbs.twimg.com/profile_images/724552641766813696/FYuVNVh6_normal.jpg"
"truthout","propaganda","Yes","Truthout is dedicated to providing independent news & commentary. We hope to inspire the direct action necessary to save the planet & humanity. Official Tweets.",41181,156407,6124,50214,"http://t.co/Fzuq46d8PN","Truthout","2009-01-27T18:17:38Z","FALSE","FALSE","truthout","United States","en",19605981,6325,"FALSE","http://pbs.twimg.com/profile_images/2077083222/TOfacebook2_normal.gif"
"tweet4eic","propaganda","Yes","Educate Yourself, Inspire Others, Change the World.",8610,2672,17,777,"http://t.co/NlCwjKrde6","EducateInspireChange","2011-06-20T16:14:47Z","FALSE","FALSE","Tweet4EiC","Glasgow","en",320834623,32,"FALSE","http://pbs.twimg.com/profile_images/590950040329412609/ULsvOY6r_normal.jpg"
"twitchyteam","clickbait","Yes","Twitchy is your human-powered Twitter aggregator. 

If it’s news, Twitchy is on it. If it should be news, Twitchy is ahead of it.",55848,222357,125,3777,"http://t.co/uoVtgp6m4Z","Twitchy Team","2012-01-20T10:18:16Z","FALSE","TRUE","TwitchyTeam",,"en",469194846,3797,"FALSE","http://pbs.twimg.com/profile_images/710525837817290752/JBbnlLEV_normal.jpg"
"ucs","satire","Yes","Satirical news and humor site.",1000,95,0,0,"http://t.co/LHYWUwu6Yi","Unconfirmed Sources","2008-08-24T21:56:57Z","FALSE","FALSE","ucs","The Mid-west","en",15973144,12,"FALSE","http://pbs.twimg.com/profile_images/58896218/20050930-lies_normal.jpg"
"ufoholics","propaganda","Yes",,1034,1176,0,791,"NA","Ufoholic","2015-09-16T08:57:31Z","FALSE","FALSE","Ufoholics",,"en",3673181656,44,"FALSE","http://pbs.twimg.com/profile_images/644073250356465664/gWcUIOuy_normal.jpg"
"unhealthytruth","propaganda","Yes","Truthsayer, rebel, public speaker. Download  my ebook here for free about my health journey.",17215,6389,3209,1785,"https://t.co/E4zOUbb1Td","Erin-Health Nut News","2008-12-13T03:50:30Z","FALSE","FALSE","unhealthytruth","Florida, USA","en",18093097,165,"FALSE","http://pbs.twimg.com/profile_images/795375341602832384/IK1rd_W__normal.jpg"
"unzreview","propaganda","Yes",,2275,1701,0,2,"NA","The Unz Review","2013-10-03T19:53:53Z","FALSE","FALSE","UnzReview",,"en",1931893196,108,"FALSE","http://pbs.twimg.com/profile_images/561241446435401728/ZO1xc7De_normal.png"
"usuncut","clickbait","Forbidden (HTTP 403)","NA","NA","NA","NA","NA","NA","NA","NA","NA","NA","NA","NA","NA","NA","NA","NA","NA"
"vdare","propaganda","Yes","The Twitter account for the editors of VDARE.  Featured at the 2016 Republican National Convention",37212,31335,23270,4549,"http://t.co/CIX25WF7S9","Virginia Dare","2009-03-29T22:43:28Z","FALSE","FALSE","vdare",,"en",27522964,502,"FALSE","http://pbs.twimg.com/profile_images/821734307798491137/umq5E-Y8_normal.jpg"
"veteranstoday","clickbait","Yes","Largest independent advocacy, news and information network for U.S. Military Veterans",53611,34209,0,106,"http://t.co/pgJw3qbnmk","VeteransTodayNetwork","2008-04-28T21:13:51Z","FALSE","FALSE","veteranstoday","U.S.A.","en",14575708,736,"FALSE","http://pbs.twimg.com/profile_images/604669141014822912/VOsi9hYl_normal.jpg"
"vigilantfeed","propaganda","Yes","The official feed for The Vigilant Citizen website (http://t.co/J80jYG1s)",1375,18793,0,0,"http://t.co/5BIq6noFUK","The Vigilant Citizen","2009-09-13T17:26:08Z","FALSE","FALSE","vigilantfeed","Above the clouds","en",73928096,529,"FALSE","http://pbs.twimg.com/profile_images/413562646/vctwet_normal.jpg"
"voltairenet","propaganda","Yes",,1408,778,0,0,"http://t.co/A5FNnVXq8N","Voltaire Network","2010-05-10T09:20:33Z","FALSE","FALSE","voltairenet",,"en",142226945,42,"FALSE","http://pbs.twimg.com/profile_images/1022313830/logo-planisphere_normal.gif"
"wakingtimes","propaganda","Yes","Where Evolution and Revolution Unite. Online magazine covering holistic health, mindfulness, consciousness, science, mystery, the Shift, and the matrix.",15497,6726,92,287,"http://t.co/z8c9K7RUQA","Waking Times","2012-01-26T18:15:43Z","FALSE","FALSE","WakingTimes","The Cosmos","en",475119104,157,"FALSE","http://pbs.twimg.com/profile_images/629701691462451200/MzOk_XPx_normal.png"
"washingtonsblog","propaganda","Yes","Washington’s Blog strives to provide real-time, well-researched and actionable information.",3508,1650,0,0,"http://t.co/DimKipx0NP","Washington","2011-02-01T06:39:37Z","FALSE","FALSE","WashingtonsBlog",,"en",245676411,142,"FALSE","http://pbs.twimg.com/profile_images/1231514593/WashingtonsBlog_normal.jpg"
"weeklyworldnews","satire","Yes","BatBoy Lives",3816,3153,154,1206,"https://t.co/Q4YWVOE1SI","Weekly World News","2008-09-19T20:43:44Z","FALSE","FALSE","weeklyworldnews","The World","en",16369964,102,"FALSE","http://pbs.twimg.com/profile_images/844732462093750273/Ep5Kvdvg_normal.jpg"
"wikileaks","propaganda","Yes","We open governments. Contact: https://t.co/676V6mG02v  PGP: A04C 5E09 ED02 B328 03EB 6116 93ED 732E 

@WLArtForce @WLTaskForce @WikiLeaksShop",46626,4649107,35,7580,"https://t.co/maw0wih6t6","WikiLeaks","2008-10-04T06:41:05Z","FALSE","TRUE","wikileaks","Everywhere","en",16589206,56476,"FALSE","http://pbs.twimg.com/profile_images/512138307870785536/Fe00yVS2_normal.png"
"wikispooks","propaganda","Yes","A collaborative project,  building a comprehensive reference source of deep political structures and  events, together with connected people and organisations",3102,590,20,65,"http://t.co/pM57tSnFWp","wikispooks","2010-08-29T16:02:17Z","FALSE","FALSE","wikispooks","Dublin","en",184452449,37,"FALSE","http://pbs.twimg.com/profile_images/494128275560468480/-3ER3o15_normal.png"
"worldtruthtv","propaganda","Yes","“Signs and symbols rule the world, not words nor laws.” -Confucius.... If you want to know the real truth about this world you came to the right place.",131875,11328,10,2,"http://t.co/UL12yGbua9","WorldTruth.TV","2009-02-16T21:48:01Z","FALSE","FALSE","WorldTruthTV","N.Y.C","en",21032566,387,"FALSE","http://pbs.twimg.com/profile_images/581569867247017985/9hD88aef_normal.jpg"
"wuwmag","propaganda","Yes",,3984,66,4,160,"http://t.co/VNqugpSSfB","Waking Up Wisconsin","2015-03-11T04:45:36Z","FALSE","FALSE","WUWmag","Wisconsin","en",3085665323,2,"FALSE","http://pbs.twimg.com/profile_images/588514135366701056/FYUHsABN_normal.jpg"
"yournewswire","clickbait","Yes","Reporting balanced news and programs challenging mainstream media coverage of world events.",12761,16806,18537,5962,"https://t.co/6ABIiLzshb","Your News Wire","2013-07-02T23:33:07Z","FALSE","FALSE","yournewswire",,"en",1564327968,211,"FALSE","http://pbs.twimg.com/profile_images/780257431817334785/nucYh-P6_normal.jpg"
"yvessmith","propaganda","Yes",,14819,21793,4,301,"http://t.co/p2hGKeCEgo","Yves Smith","2009-06-15T17:19:07Z","FALSE","FALSE","yvessmith","New York, NY","en",47387039,1423,"FALSE","http://pbs.twimg.com/profile_images/1316923712/Screen_shot_2011-04-16_at_1.04.58_AM_normal.png"
"zerohedge","propaganda","Yes",,281661,409604,0,688,"http://t.co/VnB2R3phwV","zerohedge","2009-01-11T04:08:58Z","FALSE","FALSE","zerohedge",,"en",18856867,13698,"FALSE","http://pbs.twimg.com/profile_images/72647502/tyler_normal.jpg"
"nytimes","realnews","Yes","Where the conversation begins. Follow for breaking news, special reports, RTs of our journalists and more from https://t.co/YapuoqX0HS.",278192,36880081,14870,894,"http://t.co/ahvuWqicF9","The New York Times","2007-03-02T20:41:42Z","FALSE","TRUE","nytimes","New York City","en",807095,189381,"FALSE","http://pbs.twimg.com/profile_images/856562742563663872/cl1sRx2G_normal.jpg"
"WSJ","realnews","Yes","Breaking news and features from the WSJ.",199900,13992469,1292,1069,"https://t.co/GhhR6PLfem","Wall Street Journal","2007-04-01T06:22:13Z","FALSE","TRUE","WSJ","New York, NY","en",3108351,105746,"FALSE","http://pbs.twimg.com/profile_images/685113343204585473/jV72Zljq_normal.jpg"
"washingtonpost","realnews","Yes","Tweet-length breaking news, analysis from around the world. Founded in 1877. Follow our journalists on Twitter: https://t.co/VV0UBAMHg8",223660,10105053,4524,1348,"http://t.co/Hq7hTYkOPg","Washington Post","2007-03-27T11:19:39Z","FALSE","TRUE","washingtonpost","Washington, DC","en",2467791,79426,"FALSE","http://pbs.twimg.com/profile_images/753656134565785600/iQ1GX-ov_normal.jpg"
"BBCWorld","realnews","Yes","News, features and analysis from the World's newsroom. Breaking news, follow @BBCBreaking. UK news, @BBCNews. Latest sports news @BBCSport",256129,19718245,7,83,"https://t.co/7NEgoMwJy3","BBC News (World)","2007-02-01T07:44:29Z","FALSE","TRUE","BBCWorld","London, UK","en",742143,103970,"FALSE","http://pbs.twimg.com/profile_images/694449140269518848/57ZmXva0_normal.jpg"
"TheEconomist","realnews","Yes","News and analysis with a global perspective.  Subscribe here: https://t.co/owztJzwlmm",107201,20712092,302,159,"https://t.co/pN0OAmG4SP","The Economist","2007-05-12T13:04:50Z","FALSE","TRUE","TheEconomist","London","en",5988062,108448,"FALSE","http://pbs.twimg.com/profile_images/461499742950678528/2JnpHjUo_normal.png"
"NewYorker","realnews","Yes","The New Yorker is a weekly magazine with a mix of reporting on politics and culture, humor and cartoons, fiction and poetry, and reviews and criticism.",55656,7699840,1456,394,"http://t.co/RJjEvb2dV6","The New Yorker","2008-05-06T19:36:33Z","FALSE","TRUE","NewYorker","New York, NY","en",14677919,61797,"FALSE","http://pbs.twimg.com/profile_images/421413599441981441/GMZ5UIRl_normal.jpeg"
"AP","realnews","Yes","News from The Associated Press, and a taste of the great journalism produced by AP members and customers. Managed 24/7 by these editors: https://t.co/D0hLCc7ShX",176134,10779376,57,7250,"https://t.co/48pFaJVRcr","The Associated Press","2009-06-26T21:48:52Z","FALSE","TRUE","AP","Global","en",51241574,87148,"FALSE","http://pbs.twimg.com/profile_images/461964160838803457/8z9FImcv_normal.png"
"Reuters","realnews","Yes","Top and breaking news, pictures, and videos from Reuters.",188322,17771700,814,1050,"http://t.co/BmHxhkm3Mh","Reuters Top News","2007-03-20T17:46:05Z","FALSE","TRUE","Reuters","Around the world","en",1652541,110418,"FALSE","http://pbs.twimg.com/profile_images/860521074500411392/YmcCatom_normal.jpg"
"business","realnews","Yes","The first word in business news.",238705,3949236,323,1006,"http://t.co/YFISwy1upH","Bloomberg","2009-04-23T20:05:17Z","FALSE","TRUE","business","New York and the World","en",34713362,44232,"FALSE","http://pbs.twimg.com/profile_images/714946924105883648/4fgNVF4H_normal.jpg"
"ForeignAffairs","realnews","Yes","In-depth insight and analysis on international affairs and U.S. foreign policy since 1922.",28218,594556,167,2189,"http://t.co/wn1xhyjt","Foreign Affairs","2009-02-17T18:31:24Z","FALSE","TRUE","ForeignAffairs","New York, NY","en",21114659,11874,"FALSE","http://pbs.twimg.com/profile_images/472450440747962369/mUbM-DPs_normal.jpeg"
"TheAtlantic","realnews","Yes","Politics, culture, business, science, technology, health, education, global affairs, more. Tweets by @CaitlinFrazier",114894,1533801,665,1025,"http://t.co/pI6FUBgQdl","The Atlantic","2009-04-27T15:41:54Z","FALSE","TRUE","TheAtlantic","Washington, D.C.","en",35773039,27457,"FALSE","http://pbs.twimg.com/profile_images/1268207868/twitter-icon-main_normal.png"
"politico","realnews","Yes","Nobody knows politics like POLITICO.",224998,3077298,9,1262,"https://t.co/BE5JFzmnFU","POLITICO","2007-10-08T00:29:38Z","FALSE","TRUE","politico","Washington, D.C.","en",9300262,35200,"FALSE","http://pbs.twimg.com/profile_images/677177503694237697/y6yTzWn6_normal.png"
"NPR","realnews","Yes","News. Arts & Life. Music. Everything and more from NPR.",117992,6974675,2175,72534,"http://t.co/SoL86ga4RI","NPR","2007-04-22T05:10:15Z","FALSE","TRUE","NPR","Washington, DC","en",5392522,63895,"FALSE","http://pbs.twimg.com/profile_images/722199003845304320/s2zwEoao_normal.jpg"
"TIME","realnews","Yes","Breaking news and current events from around the globe. Hosted by TIME staff. Tweet questions to our customer service team @TIMEmag_Service.",230712,13980856,611,846,"http://t.co/4aYbUuAeSh","TIME","2008-04-03T13:54:30Z","FALSE","TRUE","TIME",,"en",14293310,99363,"FALSE","http://pbs.twimg.com/profile_images/1700796190/Picture_24_normal.png"
"csmonitor","realnews","Yes","Trustworthy global coverage. Committed to providing unbiased, solution-oriented news since 1908. https://t.co/OdUjI0sFvI",248982,68100,12248,1992,"http://t.co/V5xHcIA1eK","CS Monitor","2008-05-21T15:10:08Z","FALSE","TRUE","csmonitor","Boston, MA","en",14857525,4433,"FALSE","http://pbs.twimg.com/profile_images/461555790759735296/y-W8v9y1_normal.png"
"latimes","realnews","Yes","News from Los Angeles and the world. Staffed by http://t.co/zb8HyvYyAJ editors.",168137,2844663,1871,10695,"http://t.co/JvbZRDfNzf","Los Angeles Times","2008-10-09T11:07:42Z","FALSE","TRUE","latimes","Los Angeles, CA","en",16664681,29470,"FALSE","http://pbs.twimg.com/profile_images/546329819919560704/XMWy2Z50_normal.jpeg"
"USATODAY","realnews","Yes","The latest news and most interesting stories from USA TODAY. News that's meant to be shared.",208701,3330591,1721,446,"http://t.co/7xDl0vVHSt","USA TODAY","2008-08-06T19:55:31Z","FALSE","TRUE","USATODAY","USA TODAY HQ, McLean, Va.","en",15754281,31365,"FALSE","http://pbs.twimg.com/profile_images/761954996808286209/S15RXwx6_normal.jpg"
"CNN","realnews","Yes","It’s our job to #GoThere and tell the most difficult stories. Come with us!

➡︎ For more breaking news updates follow @CNNBRK",131518,35064759,1462,1119,"http://t.co/IaghNW8Xm2","CNN","2007-02-09T00:35:02Z","FALSE","TRUE","CNN",,"en",759251,126612,"FALSE","http://pbs.twimg.com/profile_images/508960761826131968/LnvhR8ED_normal.png"
"NBCNews","realnews","Yes","The leading source of global news and information for more than 75 years.    Facebook: https://t.co/oeDi7xACU7   Snapchat: https://t.co/suOkoNb0KE",112155,4715803,733,2951,"http://t.co/UXSP362YuW","NBC News","2008-03-18T23:19:17Z","FALSE","TRUE","NBCNews","New York, NY","en",14173315,34917,"FALSE","http://pbs.twimg.com/profile_images/721554521957138436/tTocueCd_normal.jpg"
"CBSNews","realnews","Yes","Your source for original reporting and trusted news.",127349,5800918,263,431,"https://t.co/VGut7r2Vg5","CBS News","2008-06-05T00:54:31Z","FALSE","TRUE","CBSNews","New York, NY","en",15012486,45412,"FALSE","http://pbs.twimg.com/profile_images/645966750941626368/d0Q4voGK_normal.jpg"
"ABC","realnews","Yes","See the whole picture with @ABC News. Join us on Facebook: https://t.co/ewMNZ54axm",168944,10444209,458,745,"https://t.co/v7GWW7ho1l","ABC News","2009-04-04T12:40:32Z","FALSE","TRUE","ABC","New York City / Worldwide","en",28785486,48745,"FALSE","http://pbs.twimg.com/profile_images/658688193651277824/Kv_cNNub_normal.png"
"NRO","realnews","Yes","Standing athwart history, yelling Stop. A magazine founded by the late William F. Buckley Jr. Snapchat & Instagram: NationalReview",55349,240729,650,1783,"https://t.co/s00ora6By7","National Review","2009-01-23T22:20:49Z","FALSE","TRUE","NRO","New York","en",19417492,5484,"FALSE","http://pbs.twimg.com/profile_images/471722478822100992/slV_OilN_normal.jpeg"
"weeklystandard","realnews","Yes","A magazine of news and opinion.

Subscribe here: https://t.co/DWtb5YnB14",47087,306002,533,15701,"http://t.co/lzVoLXsDB4","The Weekly Standard","2008-11-21T22:00:29Z","FALSE","TRUE","weeklystandard","Washington","en",17546958,4424,"FALSE","http://pbs.twimg.com/profile_images/661724758808088576/I5r3y9UD_normal.jpg"
"NewRepublic","realnews","Yes","Founded in 1914, the New Republic is a media organization dedicated to addressing today’s most critical issues. https://t.co/OpQ07u5Px8",76390,157327,1073,1472,"http://t.co/re8z4ATEzZ","New Republic","2009-10-15T19:15:18Z","FALSE","TRUE","NewRepublic","Washington, DC","en",82689705,5934,"FALSE","http://pbs.twimg.com/profile_images/631195731756388352/rXgYnC9S_normal.jpg"
"thenation","realnews","Yes","Instigating progress since 1865",59244,1131704,299,6520,"http://t.co/PpzoTPS9","The Nation","2007-03-22T22:34:57Z","FALSE","TRUE","thenation",,"en",1947301,15101,"FALSE","http://pbs.twimg.com/profile_images/750809171080151040/e0P0Yzbv_normal.jpg"
"googlenews","realnews","Yes","Breaking news, updates and tips from Google News.",8335,213086,0,31,"http://t.co/PSM783pTXt","Google News","2009-04-20T17:12:27Z","FALSE","TRUE","googlenews","Mountain View, CA","en",33584794,10363,"FALSE","http://pbs.twimg.com/profile_images/1843856587/news_icon_big_normal.png"
"MSNBC","realnews","Yes","The place for in-depth analysis, political commentary and informed perspectives. Questions? Tweet to @Farrashley. Find us on Snapchat: msnbc",114939,1704827,640,766,"https://t.co/5TAF6ijWwt","MSNBC","2007-03-29T13:15:41Z","FALSE","TRUE","MSNBC",,"en",2836421,19198,"FALSE","http://pbs.twimg.com/profile_images/814858612640202754/KCQAV5nf_normal.jpg"
"guardian","realnews","Yes","The need for independent journalism has never been greater. Become a Guardian supporter: https://t.co/EWg9aqA7PQ",344760,6494227,154,1112,"https://t.co/c53pnmnuIT","The Guardian","2009-11-05T23:49:19Z","FALSE","TRUE","guardian","London","en",87818409,53149,"FALSE","http://pbs.twimg.com/profile_images/822336375341125632/-PWnVYAF_normal.jpg"
"YahooNews","realnews","Yes","The official Twitter account for Yahoo News – breaking news and popular stories.",156733,1123822,308,2384,"http://t.co/5cyiaOOmiS","Yahoo News","2007-07-07T06:52:31Z","FALSE","TRUE","YahooNews","New York City","en",7309052,14533,"FALSE","http://pbs.twimg.com/profile_images/461884598608080896/-JRj7OdX_normal.jpeg"
"FoxNews","realnews","Yes","America’s Strongest Primetime Lineup Anywhere! Follow America's #1 cable news network, delivering you breaking news, insightful analysis, and must-see videos.",309188,14582456,0,439,"http://t.co/ZYG58XZtAC","Fox News","2007-03-17T19:01:26Z","FALSE","TRUE","FoxNews","U.S.A.","en",1367531,58688,"FALSE","http://pbs.twimg.com/profile_images/794654746342662144/hHnFe4Sx_normal.jpg"
"HuffPost","realnews","Yes","Know what's real.",484739,10161997,962,5708,"https://t.co/a7nyh5auNy","HuffPost","2008-04-24T14:07:28Z","FALSE","TRUE","HuffPost",,"en",14511951,84567,"FALSE","http://pbs.twimg.com/profile_images/856704940366016512/dFoU3zj9_normal.jpg"
"Slate","realnews","Yes","Politics, culture, technology, business, news, and commentary. Procrastinate better. We just turned 20.",276566,1736204,3763,595,"https://t.co/aXcqcA3s72","Slate","2008-06-19T01:08:29Z","FALSE","TRUE","Slate",,"en",15164565,32864,"FALSE","http://pbs.twimg.com/profile_images/785838392336678913/UP9SKq0X_normal.jpg"
